meal,label
"Pannkakor / raggmunk, pannkaksylt, lingonsylt",FOOD
Vegetariskt p√•skbord,FOOD
Raggmunk serveras med t√§rnat fl√§sk och r√•r√∂rda lingon,FOOD
"Bondomelett (gr√∂nsaker, r√•kost, lingonsylt)",FOOD
Panerad fisk serveras med varm citrons√•s och kokt potatis,FOOD
K√∂kets val √ÑO,ANY
"Vegetarisk Lasagne med rotfrukter , linser och keso",FOOD
bl√•b√§rssoppa med syrlig vaniljgr√§dde,FOOD
K√∂ttf√§rsl√•da med potatis och curry och gr√∂nsaker,FOOD
P√∂lsa med kokt potatis och r√∂dbetor,FOOD
Asiatiska nudlar med kyckling.,FOOD
"Skink- och broccolis√•s, pasta, varm gr√∂nsak",FOOD
Fiskpanett med √∂rtmajonn√§s och kokt potatis,FOOD
√Ñrtsoppa med senap och hembakat br√∂d,FOOD
Pastas√•s med r√∂kt h√∂ns pasta,FOOD
Ugnstekt falukorv serveras med potatismos,FOOD
"K√∂ttbullar i gr√§dds√•s, kokt potatis, inlagd gurka och lingonsylt",FOOD
"Morotsbiffar, kall s√•s, potatis",FOOD
B√∂ngryta med vita b√∂nor och bulgur.,FOOD
"Gr√∂nsaksburgare med br√∂d, klyftpotatis och dressing",FOOD
Lax med potatis och s√•s,FOOD
"Kebabgryta, bulgur",FOOD
Kokt sej med √§gg och persiljes√•s LT,FOOD
"Broccolibiff, √∂rt majon√§s",FOOD
Mozzarellabiffar med tomat och basilikas√•s samt rostade prim√∂rer,FOOD
Vegoschnitzel med vitl√∂kscreme och potatismos,FOOD
"Panerad fisk, kall s√•s (potatis, gr√∂nsaker) Grekisk gr√∂nsaksbiff, kall s√•s (potatis, gr√∂nsaker)",FOOD
Kycklingwok med nudlar och kall dressing med sweetchili,FOOD
Rotfruktsgrat√§ng med fetaost och spenat,FOOD
Kockens val,ANY
"Pytt i panna p√• n√∂tk√∂tt, serveras med inlagda r√∂dbetor",FOOD
Fisk i r√∂d s√•s serveras med potatismos.,FOOD
"Sill, potatis, gr√§ddfil och gr√§sl√∂k",FOOD
"LikeMeat med tomat och rosmarin, serveras med potatis",FOOD
"Middag: Korv- och rotsaksgryta, potatis, gr√∂nsaker",FOOD
"Sallad, br√∂d och dryck",SIDE
Stekt falukorv med stuvade makaroner,FOOD
K√∂kets gr√∂na val,ANY
Kalvsylta med r√∂dbetssallad E-KOST,FOOD
"Rotfruktsmedaljong, kall s√•s med gurkmix och kokt potatis",FOOD
"Kr√§mig tomat och linss√•s, pasta",FOOD
Chicken Tikka Masala med ris,FOOD
"Potatisbullar med bacon och purjol√∂kfr√§s, lingonsylt",FOOD
Kockens gr√∂na tips,ANY
Pasta Carbonara,FOOD
Tortilla med vegof√§rsr√∂ra och gr√§ddfilss√•s,FOOD
H√∂nsschnitzel serveras med rostad potatis samt kall currydressing,FOOD
Gr√∂nsaker,SIDE
Stekt fiskfil√© serveras med kokt potatis och kall s√•s,FOOD
Rotfruktscurry,FOOD
√ñrtbakad Tofu med samma goa,FOOD
Rispytt med r√∂kt h√∂ns och kall currys√•s,FOOD
Hemlagad fl√§skpannkaka serveras med lingonsylt,FOOD
"Indisk kycklinggryta, ris/havreris",FOOD
Stekt korv serveras med hemlagat potatismos och gr√∂nsaker,FOOD
H√∂gsbosoppa,FOOD
Tropisk fruktpur√© med gr√§ddmj√∂lk,FOOD
"Ugnsgratinerad vegokorv serveras med potatismos, senap och ketchup",FOOD
Rabarberkr√§m med kardemummagr√§dde,FOOD
Pasta med svamp & spetsk√•l,FOOD
Kyckling soppa,FOOD
"Panerad fisk, potatis, citrons√•s",FOOD
K√∂kets sallad- och rotfruktsbuff√©,SIDE
K√∂kets val av alternativr√§tt,ANY
Vegetarisk kebabskavs√•s med ris,FOOD
Falaffel med saffranss√•s,FOOD
"V√§sterhavsfisk, kall s√•s, potatis",FOOD
"Svampbiffar med gr√•√§rta, lingonsky och kokt potatis",FOOD
"K√∂ttf√§rslimpa, s√•s, r√•r√∂rda lingon serveras med kokt potatis",FOOD
"Mellanm√•l: Sm√∂rg√•s, p√•l√§gg, mj√∂lk och frukt",FOOD
K√∂kets val / √ñppet k√∂k,ANY
Gulaschsoppa,FOOD
K√∂kets val,ANY
Gr√∂n √§rtsoppa med mjuk sm√∂rg√•s och p√•l√§gg,FOOD
Sojabullar med makaroner.,FOOD
"Fiskbullar, dills√•s, (potatis), gr√∂nsaker",FOOD
Makaroni sin carne,FOOD
Fl√§sktimbal med senapss√•s TIMBALKOST,FOOD
Sl√§t ost- och skinks√•s med broccolitimbal och potatismos Sl√§t √§ppelkr√§m,FOOD
KOCKENS ERBJUDANDE. Med reservation f√∂r ev. √§ndringar i menyn.,ANY
Kanelbulle MAGTARMKOST,FOOD
"Sm√∂rg√•s, mj√∂lk och gr√∂nsak",FOOD
Vegetarisk biff med tzatziki,FOOD
K√∂kets val,ANY
"Blomk√•lssoppa, Apelsinsoppa, Nyponsoppa",FOOD
Gr√∂nsaks biff serveras med kokt potatis och kalls√•s,FOOD
"Zucchinigrat√§ng med keso och √∂rter, potatis och mor√∂tter",FOOD
"F: K√∂ttbullssoppa(f)*, en klick creme fraiche",FOOD
"Ugnsstekt sejfil√©, remoulads√•s och kokt potatis",FOOD
"Gr√∂t: Risgrynsgr√∂t, jordgubbss√•s",FOOD
Frukost,GENERIC
Tofu- och gr√∂nsaker i kokoscurry serveras med basmatiris,FOOD
"Nasi Goreng med kyckling, Chicagodressing",FOOD
"Potatis-och purjol√∂kssoppa, br√∂d, bordsmargarin och k√∂ttp√•l√§gg",FOOD
Blodpudding med stekt fl√§sk MAGTARMKOST,FOOD
Falafel med kebabs√•s och klyftpotatis,FOOD
Kycklingklubba med s√•s och potatis,FOOD
Vegetarisk kebabwok med nudlar och vitl√∂ksdressing,FOOD
Fiskbullar/laxbullar i dills√•s serveras med kokt potatis,FOOD
Vegetarisk pytt med senapskr√§m och inlagd sm√∂rg√•sgurka,FOOD
"Hemlagade gr√∂na burgare serveras med br√∂d, dressing och klyftpotatis",FOOD
"Quornburgare Southern style serveras med br√∂d, dressing och ugnstekt potatis",FOOD
Potatis- och purjol√∂kssoppa,FOOD
Lunch 1: Japans dag:Sushi / sukiyaki med ris,FOOD
Kr√§mig ost- och broccolis√•s med linser,FOOD
"Pastasallad m. kyckling, ranchdressing",FOOD
"Kik√§rtsgryta med r√∂d curry & koksgr√§dde, basmatiris.",FOOD
Utf√§rdspaket Baguett med kycklingr√∂ra och gr√∂nsaker,FOOD
"Osts√•s med rotfruktstrimlor och parmesan, serveras med ekologisk pasta penne",FOOD
Morotsstroganoff med stekt potatis,FOOD
"P√§ron med choklad, gr√§dde",FOOD
"Frukost: Havregrynsgr√∂t, l√§ttsockrad √§pplemos, hembakat br√∂d, p√•l√§gg och gr√∂nsak",FOOD
"Kyckling nuggets, gr√§dds√•s/s√∂tsur s√•s, ris",FOOD
Fl√§skfritt alternativ,GENERIC
Kycklinggryta med senap och dragon,FOOD
Korv & b√∂ngryta serveras med bulgur,FOOD
"Pannkakor med keso och sylt, r√•rivna mor√∂tter",FOOD
"Raggmunk, bacon och lingonsylt",FOOD
"E: Kycklinggryta med tomat, persilja och citron*, ris, gr√∂nsaker",FOOD
Gr√∂nsaksbiff serveras med kall citron- & dills√•s och kokt potatis,FOOD
"K√∂ttf√§rssoppa med vitk√•l (Hedvigsoppa), mjukt br√∂d, ost",FOOD
pasta med linsbolognese serveras med riven ost.,FOOD
Ost och broccolis√•s med pasta,FOOD
Bergakungens s√•s serveras med pasta,FOOD
‚Ä¢ Ugnsbakad falukorv serverat med potatismos,FOOD
Spagetti med kr√§mig tomat och morotss√•s,FOOD
Street burger med klyftpotatis och tillbeh√∂r,FOOD
Indisk k√∂ttf√§rsgryta med ris.,FOOD
"Frukost: Kokt √§gg, kaviar, sm√∂rg√•s, p√•l√§gg och mj√∂lk",FOOD
Spansk bondomelett med soltorkade tomater och linser och gr√∂nsaker VEGETARISK,FOOD
"Potatisbullar med Facon, lingonsylt och gr√∂nsaksbuff√©",FOOD
"Egengjord broccolibiff, potatis och dilldipp",FOOD
Lasagnetter med keso och mor√∂tter,FOOD
"Southern burgare med remoulads√•s, br√∂d och klyftpotatis",FOOD
Fiskgrat√§ng med hummers√•s och dill serveras med basmatiris,FOOD
K√∂ttbullar,FOOD
"H√∂gsbosoppa, mjuk br√∂d, p√•l√§gg, frukt",FOOD
"Blodpudding med stekt fl√§sk, lingonsylt och gr√∂nsaker MAGTARMKOST",FOOD
Fisktaco med ris,FOOD
"Stekt kycklingfil√©, potatis och kokta gr√∂nsaker (M√•rten) dessert",FOOD
Stekt korv med stuvade makaroner,FOOD
K√∂kets val av alternativr√§tt,ANY
Solskenssoppa,FOOD
Fiskbullar i dills√•s serveras med kokt potatis,FOOD
Vegetarisk stekt korv / makaroner,FOOD
Tacorulle med havreris och sweetchilidressing,FOOD
"Vegetarisk kost: Qourngryta med rotfrukter, matvete och gr√∂nsaker",FOOD
"Vegobullar, s√•s, potatis, gr√∂nsaker, lingonsylt",FOOD
K√∂kets vegetariska alternativ,GENERIC
"K√∂ttbullar med pasta, ketchup",FOOD
Veg: Vegof√§rsbiffar med s√•s och potatis,FOOD
Potatisl√•da med matjesill och gr√§sl√∂k,FOOD
"K√∂ttbullemacka, mj√∂lk, h√•rt br√∂d, gr√∂nsaker och frukt",FOOD
"Tikka Masla med b√∂nor, bulgur, rostad blomk√•l",FOOD
Broccolimedaljong med ratatouille,FOOD
Kebabgryta med ris o kall vitl√∂kss√•s,FOOD
B√∂nbiff serveras med gr√§dds√•s samt lingon,FOOD
"Middag: Risgrynsgr√∂t, kokt skinka, frukt",FOOD
Gyllengul gr√∂nsaksbiffar,FOOD
"K√∂ttbullar serveras med gr√§dds√•s , lingonsylt och kokt potatis",FOOD
"Sm√∂rg√•s, mj√∂lk och gr√∂nsak",FOOD
"J√§rptimbal med svartvinb√§rss√•s och mor√∂tter, potatismos Citronfromage",FOOD
"Green Nuggets, curryremoulad, potatis, gr√∂nsaker",FOOD
Morots lasange,FOOD
"Gr√∂nsakssoppa med potatis serveras med limpa, f√§rskost och frukt",FOOD
K√∂ttbullar och makroner,FOOD
"Buff√© med tacokryddad k√∂ttf√§rsr√∂ra, sallad, ris, nachos och gr√§ddfil",FOOD
Vegetarisk lasagne,FOOD
Gratinerade enchilladas,FOOD
Pasta-& broccoligrat√§ng,FOOD
"Fiskgryta, (potatis), gr√∂nsaker",FOOD
"Mj√∂lk, sm√∂rg√•s, ost och k√∂ttp√•l√§gg, frukt/gr√∂nsaksbit",FOOD
Portergryta och kokt potatis,FOOD
Chili con carne och ris,FOOD
"√ñrtkryddad osts√•s, pasta",FOOD
"Alt 2: Biff √† la Lindstr√∂m, Gr√§dds√•s, Potatis, √Ñrtor",FOOD
"Stekt falukorv, stuvade makaroner/makaroner",FOOD
Kyckling och risgrat√§ng,FOOD
Laxpudding med dills√•s och morot,FOOD
Pasta serveras med f√§rss√•s,FOOD
"Spenatsoppa, Citrussoppa, Nyponsoppa",FOOD
Gr√∂nsaksgrat√§ng serveras med potatismos och gr√∂nsaksbuff√©,FOOD
"Utf√§rdspaket veg Grillkorv med br√∂d, dryck och frukt",FOOD
Stekt salt sill med l√∂ks√•s,FOOD
Gr√∂nsakspytt serveras med √§gghalva,FOOD
Kycklinggryta med ris.,FOOD
Vad k√∂ket erbjuder,ANY
Tomats soppa med br√∂d och p√•l√§gg,FOOD
Chili con carne med ris,FOOD
Ost- och broccolisoppa med nybakt br√∂d,FOOD
K√∂ttf√§rss√•s med pasta,FOOD
Vegetarisk schnitzel serveras med k√∂kets kalla s√•s och ris,FOOD
veg,GENERIC
"Kyckling Korma serveras med ris, naan och yoghurt",FOOD
K√∂kets val.,ANY
"K√∂ttbullar, gr√§dds√•s , potatis och kokta gr√∂nsaker",FOOD
"√Ñrt och r√∂dbetsbiff, potatis & s√•s",FOOD
Cowboyssoppa samt mjuk sm√∂rg√•s.,FOOD
Minestronesoppa med r√∂kt skinka. √Ñppelpaj med vaniljs√•s,FOOD
Smaklig m√•ltid!,MESSAGE
"K√∂ttf√§rslimpa, skys√•s, potatis",FOOD
"potatisbullar, lingonsylt och keso",FOOD
"Sallad, br√∂d, sm√∂rg√•smargarin och mj√∂lk",SIDE
"Sm√∂rg√•s, mj√∂lk och gr√∂nsak",SIDE
Spaghetti med sojaf√§rss√•s,FOOD
"Meny 1: Paprikas√•s med kyckling, serveras med pasta",FOOD
"SNR Kars: Kotlettrad, l√∂k- o svamps√•s och kokt potatis",FOOD
Mexikansk potatisfrestelse med sojaf√§rs,FOOD
Internationell vecka,FOOD
Paprikagulasch och ris/bulgur,FOOD
Pastagrat√§ng med ost och broccoli,FOOD
"Kebabpytt, vitl√∂kss√•s",FOOD
"Korma kyckling, pasta/gryn",FOOD
Pannkaka med kesogr√§dde,FOOD
Gratinerad vegokorv med potatismos,FOOD
Vegetarisk linscurry,FOOD
K√∂ttbullar & makaroner,FOOD
"Skink- och broccoligrat√§ng, kokt potatis, sallad med ananas",FOOD
Matl√•da: V√§lj fr√•n kyldisk,MESSAGE
"Cevapcici, vitl√∂kss√•s, klyftpotatis",FOOD
"Mannagrynspudding, saftsoppa",FOOD
Korv Stroganoff serveras med kokt ris och gr√∂nsak,FOOD
Falafelbiff med kall currys√•s och ris,FOOD
Gr√∂nsakspytt med kall s√•s och r√∂dbetor,FOOD
"Gr√∂nsaksburgare med kokt potatis, r√∂dvinss√•s och gr√∂nsaker VEGETARISK",FOOD
"Dagens lunch: Ost och skinksallad, dressing, mjukt br√∂d",FOOD
Vegetarisk ugnsgratinerad ajvarquorn,FOOD
"Raggmunk med stekt fl√§sk, lingon och gr√∂nak",FOOD
K√∂kets val,ANY
Fruktcocktail,FOOD
"Grekisk f√§rsbiff, tzatziki, ugnsrostad potatis",FOOD
Kycklingpytt och currydipp,FOOD
Sl√§t ost- och skinks√•s med broccolitimbal och potatismos Sl√§t √§ppelkr√§m,FOOD
Kladdkaka med l√§ttvispad gr√§dde,FOOD
Kr√§mig blomk√•l- och broccoligrat√§ng med kokt potatis,FOOD
Italienska k√∂ttbullar i tomats√•s serveras med pasta,FOOD
Stekt falukorv serveras med makaroner/stuvade makaroner,FOOD
Blodpudding serveras med rotfruks/purjol√∂ksfr√§s och lingon,FOOD
K√∂ttbullar serveras med stuvade (mer √§n 3g laktos) makaroner samt ketchup,FOOD
Morotsbiffar serveras med kall vitl√∂kss√•s och bulgur (veg),FOOD
"Chicken nuggets med currys√•s, ketchup och ris",FOOD
"Sojaf√§rss√•s, spagetti och sallad",FOOD
Kyckling med √∂rtsky och potatisgrat√§ng,FOOD
Midsommarafton,NO
Frukost,GENERIC
serveras med pasta,NO
"Halv special med vegokorv, potatismos, gurkmajonn√§s",FOOD
Ugnstekt falukorv serveras med potatismos,FOOD
K√∂ttbullar serveras med makaroner,FOOD
"Dillk√∂tt, potatis",FOOD
F-kebabgryta med ris,FOOD
Fiskgrat√§ng & potatismos,FOOD
"Kyckling med curry, ris",FOOD
Pastas√•s med r√∂kt lax,FOOD
"K√∂ttf√§rspaj, tomats√•s, majs (timbal)",FOOD
Tunnpannkaka,FOOD
"Asiatisk kycklinggryta, ris",FOOD
Ugnsomelett,FOOD
Linsgryta med bulghur,FOOD
"Kyckling med r√∂d curry och kokos, couscous samt k√•lsallad med chili, lime och koriander",FOOD
Campus Konradsberg klimatsmarta korvgryta med ris,FOOD
Vegokorv med br√∂d,FOOD
Lasagne,FOOD
Blomk√•l/Broccolisoppa hembakt br√∂d.,FOOD
Sm√∂rg√•s med √§gg och kaviar,FOOD
Vegetarisk gulaschgryta och klimatsmart ris,FOOD
Kryddig korvgryta serveras med pasta,FOOD
Valfritt varje f√∂rskola,ANY
Portabelloburgare med matvete och tzatziki,FOOD
Kycklingkorvstroganoff och ris,FOOD
Kycklingbiff med potatis och bruns√•s,FOOD
VILT DAG,FOOD
Vegetariska alternativ,GENERIC
Soja korv Stroganoff serveras med pasta,FOOD
Ha en fin vecka!,MESSAGE
Asiatisk soppa med kyckling,FOOD
"Oxpur√©soppa, √Ñppelsoppa, Nyponsoppa",FOOD
Broccolibiff serveras med rostat potatis /ris och vitl√∂ks√•s,FOOD
Kr√§mig vegetarisk korvgryta med ris,FOOD
Nudelwok serveras med sweet chili s√•s,FOOD
Gr√∂nsakssoppa med br√∂d.,FOOD
A la cuisine vegetarisk,FOOD
Pasta med ratatouille,FOOD
Potatis och broccoligrat√§ng,FOOD
Kycklinggryta med rotfrukter serveras med bulgur,FOOD
Svampfrestelse med kokt √§gghalva,FOOD
V√§xtbaserad grilltallrik,FOOD
Cornflakesbakad fisk med potatismos,FOOD
Pastas√•s med ost & r√∂kt skinka och kokt pasta,FOOD
K√∂kets val,ANY
"Fiskf√§rsbiffar, potatismos & gr√∂nsaker",FOOD
Sl√§t katrinplommonkr√§m med gr√§ddmj√∂lk,FOOD
Fruktmar√§ng,FOOD
K√∂kets val av alternativr√§tt,ANY
Frukost,GENERIC
"Fiskburgare, br√∂d, klyftpotatis, dillmajon√§s",FOOD
"H√∂nsk√∂ttbullar serveras med gr√§dds√•s, kokt potatis, lingon och gr√∂nsaker",FOOD
Potatis- och jord√§rtskockssoppa,FOOD
"Gr√∂n √§rtsoppa, hembakat br√∂d",FOOD
"Stekt fl√§sk med l√∂ks√•s, gr√∂na √§rtor och (kokt potatis)",FOOD
Vegobullar med gr√§dds√•s & kokt potatis,FOOD
Skinkstek med svartvinb√§rss√•s och (kokt potatis),FOOD
Rotfruktspytt med √∂rter,FOOD
Matr√§tt,NO
R√∂dbetsbiff med skarps√•s och kokt potatis,FOOD
Vegetariska v√§rldsdagen firas 1 Oktober,FOOD
Hamburgare med br√∂d och klyftpotatis,FOOD
"Korv stroganoff, ris",FOOD
Salladsbuff√©,SIDE
Pannkaksbuffe,FOOD
"Kryddig korvgryta p√• svensk k√∂ttr√•vara, serveras med pasta och gr√∂nsaksbuff√©",FOOD
Fisk Bj√∂rkeby med kokt potatis och kall s√•s,FOOD
Panerad tofu med dills√•s och kokt potatis,FOOD
"Mexikansk b√∂nfyllning serveras med pitabr√∂d, picklade gr√∂nsaker och vitl√∂kss√•s",FOOD
K√∂kets val,ANY
"Sallad, br√∂d, sm√∂rg√•smargarin och mj√∂lk",SIDE
Fisk o laxsoppa,FOOD
"Korvtimbal med sl√§t tomats√•s, √§rttimbal och potatismos",FOOD
Inga m√•ltider serveras,NO
"Gr√∂nsaksburgare med potatismos, gr√§dds√•s och gr√∂nsaker VEGETARISK",FOOD
Kyckling med pasta,FOOD
"Fisk i ugn med tomat och dill, potatis",FOOD
"Panerad fisk, serveras med vitl√∂kss√•s och kokt potatis",FOOD
Nudelwok med quorn och gr√∂nsaker,FOOD
"Grillkorv, potatismos, ketchup, senap, salladsbuff√©.",FOOD
"Gr√∂nsakssoppa, Tropisksoppa, Nyponsoppa",FOOD
Gr√§ddig boulettgryta med pasta & broccoli,FOOD
K√∂kets val,ANY
"V√§rldsh√§lsodagen: Panerad tofu, vitl√∂kss√•s, kokt potatis",FOOD
Gotl√§ndsk saffranskaka med sylt och vispad gr√§dde,FOOD
Kockens val,ANY
Kyckling i currys√•s serveras med kokt potatis,FOOD
quorn tikka masala,FOOD
Potatisbullar med lingonsylt & ajvarr√∂ra,FOOD
Thaigryta med kyckling och basmatiris,FOOD
"Portergryta m. quorn, potatis, gr√∂nsaker, mazarin",FOOD
Anpassad kost,GENERIC
"Helstekt lax med kall dills√•s, kokt potatis och citronklyftor",FOOD
√Ñpplekr√§m med visptopp,FOOD
"Rotfruktsbiffar med solrosk√§rnor, gr√∂nppeppars√•s, potatis",FOOD
Pasta med ost & linss√•s,FOOD
Gulaschsoppa serveras med mjukt br√∂d,FOOD
Pannkaka med sylt och gr√§dde,FOOD
"Hawaiikassler, bulgur",FOOD
Ugnskokt fisk med potatis och hollandaises√•s,FOOD
Gr√∂tfrukost med b√§r/frukt.,FOOD
"Gr√∂nsaksgrat√§ng med linser serveras med potatis, √∂rts√•s och gr√∂nsaksbuff√©",FOOD
"Ris, kokt",FOOD
K√∂kets val,ANY
Pannbiff med klyftpotatis och kall s√•s med sweet chili,FOOD
K√∂ttf√§rslimpa med gr√§dds√•s och potatis,FOOD
"Grekiska k√∂ttf√§rsbiffar, pasta tricolore, tzatziki, gr√∂nsaker",FOOD
"Veg. biff/ limpa/l√•da, s√•s och potatis",FOOD
"Kladdkaka, gr√§dde",FOOD
Vegobitar i currys√•s serveras med ris,FOOD
Pasta & kalkons√•s.,FOOD
K√∂kets vegetariska alternativ,GENERIC
"Kycklingsoppa, Bl√•b√§rssoppa, Nyponsoppa",FOOD
"Minestronesoppa med skinka och pasta, hembakat br√∂d och f√§rskost",FOOD
"biff stroganoff, ris",FOOD
A la cuisine vegetarisk,FOOD
"V√•rrulle med gr√∂nsaksfyllning, ris, sweetchilis√•s",FOOD
Ugnspannkaka med sylt,FOOD
K√∂ket v√§ljer,ANY
"Hoisinstekt sojaf√§rs med sushiris, garik√•l, srirschakr√§m",FOOD
A la cuisine vegetarisk,GENERIC
Stekt fl√§sktimbal med l√∂ks√•s TIMBALKOST,FOOD
"Mellanm√•l: Sm√∂rg√•s, p√•l√§gg, mj√∂lk och frukt",FOOD
Fisksoppa,FOOD
Kokt potatis,FOOD
Kn√§ckig √§ppelpaj med vaniljs√•s,FOOD
"Pastasallad med k√∂rsb√§rstomater, b√∂nor och krutonger, serveras med hyvlad parmesan och caesardressing, gr√∂nsaker",FOOD
Fruktkr√§m med mj√∂lk,FOOD
Dagens veg: Papriganograt√§ng,FOOD
Zucchini och aubergingrant√§ng med fetaost och rostad potatis,FOOD
G√∂rnsaksbiffar serveras med kall s√•s samt kokt potatis.,FOOD
Pudding,FOOD
Spenatlasagnette med keso,FOOD
"Veg. Gr√∂nsaksbiffar, sambals√•s",FOOD
Stekt fisk med remoulads√•s och kokt potatis,FOOD
"Gr√∂nsaksgryta, havreris",FOOD
Chicken √† la king med gryn,FOOD
Linssoppa,FOOD
"Vildsvinslasagne, gr√∂nsaker",FOOD
Het b√∂ngryta med potatis,FOOD
Potatisbullar med bacon serveras med keso och lingonsylt,FOOD
"K√∂ttbullar med kokt potatis, bruns√•s och lingon",FOOD
Stekt fisk med potatis och remoulads√•s,FOOD
K√∂ttf√§rss√•s och pasta,FOOD
Tema Earth hour: Chickennuggets serveras med kokt ris och kall currys√•s,FOOD
Fromage,FOOD
"Nattbakad karr√© med rostad potatis, chimichurri och yoghurts√•s",FOOD
Veg: Quorn med dragons√•s och kokt potatis,FOOD
Vi reserverar oss f√∂r eventuella √§ndringar!,MESSAGE
Tacopaj,FOOD
Morotslasagnette,FOOD
Broccoligrat√§ng,FOOD
Kebabskavsgryta med Ris,FOOD
fl√§skk√∂tt 1: Korvgryta med rostad paprikagr√§dds√•s och potatispur√©,FOOD
"Apelsin och chilibakad sej, kokt potatis",FOOD
"Korv i kryddig s√•s, serveras med ris",FOOD
Mellanm√•l: Potatisbullar med lingonsylt,FOOD
Lasagne,FOOD
Fl√§skpannkaka Lingonsylt Gr√∂nsaker,FOOD
Stekt falukorv med stuvade makaroner,FOOD
√Ñppelkaka med vaniljs√•s,FOOD
Fisk med r√∂tt t√§cke servera med potatismos,FOOD
Cowboysoppa med sojaf√§rs serveras med br√∂d och p√•l√§gg,FOOD
Bondomelett,FOOD
Pastasallad med paprika och pesto p√• f√§rsk spenat,FOOD
LUNCH: Gulaschsoppa serveras med sm√∂rg√•s och frukt,FOOD
pasta med skinks√•s / broccolis√•s,FOOD
Chicken naggets serveras med klyftpotatis och kall s√•s,FOOD
"Rostade r√∂dbetor med fetaost, rosmarin och rostade pumpak√§rnor",FOOD
"K√∂ttgryta med honung och rotfrukter, potatis och salladsbuff√©",FOOD
Fiskgrat√§ng serveras med kokt potatis,FOOD
Dagliga tillbeh√∂r,SIDE
Panerad fisk serveras med spenat och kokt potatis,FOOD
Oxtimbal med potatismos och stuvade mor√∂tter TIMBALKOST,FOOD
Ugnsstekt fisk med potatismos,FOOD
"Skink och gr√∂nsaksgrat√§ng, (sallad)",FOOD
Salladsbuff√©,SIDE
Mumsig linsgryta,FOOD
Lax i kr√§mig s√•s med kokt potatis och gr√∂nsaker,FOOD
"K√∂kets kik√§rtsbiff, hamburgerdressing, hamburgerbr√∂d, klyftpotatis och picklad r√∂dl√∂k",FOOD
Kristi Himmelsf√§rdsdag,NO
Frukost F√∂rskola,GENERIC
Offentliga m√•ltidens dag:,NO
Husets vegetariska lasagne med ingef√§rskr√§m,FOOD
"Stekt lax, sauce verte, potatis",FOOD
"Falafelburgare med br√∂d serveras med hemlagat potatismos, dressing och tillbeh√∂r",FOOD
"Varmkorv, potatismos, gurkdressing",FOOD
*Fisk bordelaise och hemlagat potatismos,FOOD
Gr√∂nsaker MAGTARMKOST,SIDE
P√§ronkaka med kardemummagr√§dde TIMBALKOST,FOOD
Minestronesoppa - Pannkaka med sylt,FOOD
"Dagens lunch: Panerad fisk, potatis och gr√§ddfilss√•s",FOOD
Quornfil√© med potatisgrat√§ng,FOOD
Fruktsallad,SIDE
K√∂kets val,ANY
"Svampbiffar med gr√•√§rta, lingonsky och kokt potatis",FOOD
Morotssoppa med mjukt br√∂d och p√•l√§gg.,FOOD
Cowboysoppa serveras med mjuk sm√∂rg√•s och spreads,FOOD
Kik√§rtsbiff med tzatziki & ugnsstekt vitl√∂kspotatis,FOOD
"Fisk med frasigt citront√§cke, dillmajonn√§s och kokt potatis",FOOD
Svampsoppa,FOOD
22 Kokosrullad chokladboll (Vegan),FOOD
"R√∂dbetsbiff med kokt potatis, kall dills√•s och gr√∂nsaker VEGETARISK",FOOD
Kycklingfil√© med tomatt√§cke serveras med ris,FOOD
Frukost,GENERIC
"Korv i ugn, potatis",FOOD
"Blomk√•l- och broccoligrat√§ng, potatis",FOOD
"Gr√∂nsaks nuggets serveras med gr√§dds√•s ,lingonsylt samt kokt potatis",FOOD
Kebabpytt serveras med kebabs√•s,FOOD
Rotfruktsgrat√§ng med r√∂kt h√∂na,FOOD
Tomatpesto serveras med pasta eller gryn,FOOD
"Gourmek√∂ttbullar med gr√§dds√•s, lingon och potatismos",FOOD
Valfritt varje f√∂rskola,ANY
"F√§rsbiff med viltsmak, s√•s, potatis picklad gurka",FOOD
√Ñrtf√§rslimpa med gr√§dds√•s och potatis,FOOD
Morotsbiff och potatismos,FOOD
K√∂ttf√§rsr√§tt och pasta,FOOD
"Alternativ 1 Curry och cocosgryta, ris",FOOD
"Potatisbullar*, stekt bacon (f)*, lingonsylt, gr√∂nsaker",FOOD
Kycklinggryta med ris/bulgur,FOOD
Oumphbullar serveras med bruns√•s och potatis,FOOD
"Mexigryta, ris",FOOD
Fisksoppa serveras med br√∂d och p√•l√§gg,FOOD
67. Ananassoppa,FOOD
Fl√§skf√§rsbiff med gr√§dds√•s och potatismos,FOOD
"Veg: Blomk√§lsgryta med r√∂d curry, kokosg√§dde och ingef√§ra serveras med buljongkokt durumvete",FOOD
"N√∂tkorv, stekt potatis, sm√∂rg√•sgurka",FOOD
"Laxs√•s, pasta",FOOD
Stekt kalkonovanl√•r med potatisgrat√§ng,FOOD
Halloumi Tikka Masala serveras med bulgur,FOOD
K√∂kets salladsbuffe,SIDE
Elev fr√•n annan skola,NO
K√∂kets val,ANY
"K√∂ttbullar p√• svensk k√∂ttr√•vara serveras med s√•s, kokt potatis, lingonsylt och gr√∂nsaksbuff√©",FOOD
Kyckling r√∂d curry med basmatiris (Thailand),FOOD
Gr√∂na biffar serveras med matkorn och gr√§ddfilss√•s,FOOD
Makaronchiligryta,FOOD
H√∂stgryta p√• bogfl√§sk & kokt potatis toppad med gr√§ddfil,FOOD
Blodpudding,FOOD
"Lakto-ovo-veg+desser: Tomatpaj ost&persilja, √∂rtdressing, gr√∂nsaker, √§ppelsmulpaj 18g kh, LF gr√§dde",FOOD
Asiatisk nudelwok med gr√∂nsaker,FOOD
"Stekt falukorv, stuvade makaroner och salladsbuffe",FOOD
Kockens val,ANY
Ugnsbakad falukorv och makaroner,FOOD
Fiskgrat√§ng (sej) med ost- och broccoli och potatis,FOOD
Vegetarisk r√§tt - enligt matsedeln p√• f√∂rskolan,GENERIC
Kockens dag,ANY
Taco,FOOD
"Tomatsoppa med pasta, br√∂d och p√•l√§gg",FOOD
H√•llets val,ANY
Lasagne med spenat och svamp,FOOD
Salladsbuff√© inkl br√∂d och dryck,SIDE
st√§ngt,NO
Chili con carne med bulgur,FOOD
Wolof Meal - Potatisbullar och blodkorv,FOOD
Inga m√•ltider serveras,NO
"Mellanm√•l: h√•rt/mjukt br√∂d med p√•l√§gg, gr√∂nsaker, frukt och mj√∂lk.",FOOD
"Pastas√•s med ost & skinka, kokt pasta",FOOD
Champinjonsoppa med hembakat br√∂d,FOOD
Rispytt med b√∂nor och fetaost,FOOD
F√§rgglad pastas√•s med kyckling & pennepasta,FOOD
Sportlov,NO
Potatis och purjol√∂kssoppa med f√§rskost och br√∂d,FOOD
K√∂kets val,ANY
B√§rkaka DIABETES,FOOD
"Vegokorv i kryddig s√•s, serveras med ris",FOOD
Thaisoppa med gr√∂nsaker. Mjukt br√∂d och p√•l√§gg.,FOOD
Ost- och kycklings√•s med pasta,FOOD
"Mexikansk b√∂ngryta, havreris & gr√§ddfilsklick",FOOD
K√∂kets val,ANY
"Kycklinggryta med gr√∂nsaker, potatis",FOOD
Vegetariskt alternativ,GENERIC
"Fisk med √∂rtt√§cke, potatismos",FOOD
LUNCH: Korvgryta serveras med pasta,FOOD
"Bourguignon med kyckling, serveras med potatis",FOOD
"E: Potatisbulle*, stekt fl√§sk (f)*, lingonsylt, gr√∂nsaker",FOOD
"Pastagrat√§ng med salladsost, paprika och basilika",FOOD
Vegetarisk bolognese serveras med spaghetti,FOOD
Sportlov,NO
JUL LUNCH,FOOD
"Serveras med mjukt br√∂d, ost och gr√∂nsaksr√∂ra",NO
"Pannkaka, sylt och gr√§dde",FOOD
Morotsbiffar med vitl√∂ksyoghurt och kokt potatis,FOOD
V√§lkomna till ett nytt l√§s√•r!,MESSAGE
"Vegetarisk √§rtsoppa, br√∂d, p√•l√§gg",FOOD
K√∂kets val - pastar√§tt,ANY
Quornfil√© med klyftpotatis och √§delosts√•s,FOOD
Pastagrat√§ng med r√∂da linser och gr√∂nsaker,FOOD
B√§rkompott med mj√∂lk,FOOD
Gratinerad tortellini,FOOD
Pl√§ttar med sylt,FOOD
Salladsbuff√©,SIDE
Ugnsstekt fisk med frasigt t√§cke serveras med potatismos,FOOD
Fiskgrat√§nger med kokt potatis och √§rtor,FOOD
Lasagne med tomat och keso,FOOD
"Mannagrynspudding, safts√•s, sm√∂rg√•s och p√•l√§gg",FOOD
Vegetarisk soppa,FOOD
K√•lsoppa,FOOD
Gr√∂nk√•lssoppa med √§gghalva,FOOD
Potatismos med varmkorv,FOOD
Dagens soppa,SIDE
Italien,FOOD
"Vegetarisk √§rtsoppa, hembakat br√∂d",FOOD
- Tv√• olika sorters prinskorv,FOOD
Ananasbakelse med vispgr√§dde,FOOD
Broccolisoppa,FOOD
"Fiskburgare med br√∂d, dressing och klyftpotatis",FOOD
Lasagnette med tomat och keso,FOOD
Korv med br√∂d,FOOD
Vegetarisk gulaschsoppa med br√∂d,FOOD
Gr√∂nsaksl√•da med ost- och potatist√§cke,FOOD
Remoulads√•s (kall),SIDE
‚Ä¢ Korv serverat med potatismos och klassiska tillbeh√∂r,FOOD
Pastas√•s med r√∂kt k√∂tt,FOOD
"Kyckling- och n√∂tpannbiff serveras med l√∂k, skys√•s, kokt potatis och gr√∂nsaker",FOOD
"K√∂kets klimatsmarta gryta med smak av curry och tomat (bulgur/potatis, gr√∂nsaker)",FOOD
K-dag,NO
Pizza Fisk med tomat och oregano,FOOD
K√∂ket √∂verraskar,ANY
"Grekisk k√∂ttgryta, potatis",FOOD
Lillschnitzel med kall sweetchillis√•s och bulgur,FOOD
"Sl√§t blomk√•lssoppa, (sm√∂rg√•s)",FOOD
Potatis- och gr√∂nsaksgrat√§ng med oliver,FOOD
Pizza med quorn VEGETARISK,FOOD
Curry och mangogryta med ris,FOOD
"Minifrasbakad torsk, potatis & remoulads√•s",FOOD
Rotfruktgrat√§ng med linser och smak av dragon,FOOD
"F√§rsr√∂ra med vitk√•l, tortillabr√∂d och vitl√∂kss√•s",FOOD
"Korv √° la Forsell (ris/potatis, gr√∂nsaker, r√•kost)",FOOD
"Kebab quorn, Rhode island dressing, ris/couscous",FOOD
"Stekt korv med kokt potatis, bruns√•s och gr√∂nsaker VEGETARISK",FOOD
"Gr√∂t p√• r√•gflinga med √§pple och kanel serveras med mj√∂lk, mjukt br√∂d, f√§rskost, leverpastej och gr√∂nsaker",FOOD
K√∂kets gr√∂na val,ANY
Vegetarisk schnitzel med mango/currys√•s och ugnsrostad potatis,FOOD
"Sommarkyckling med bacon(f)*, ris, gr√∂nsaker",FOOD
Vegobullar med bulgur och basilika tomats√•s,FOOD
"Burgundisk k√∂ttgryta, ris",FOOD
K√∂ttf√§rss√•s serveras med spaghetti,FOOD
Panerad fisk med potatis och remoulads√•s,FOOD
"R√∂dbetsbiff med kokt potatis, kall dills√•s och gr√∂nsaker VEGETARISK",FOOD
"√ñrtkryddad sojas√•s, pasta & morotsmix klyftad",FOOD
"Gulaschsoppa, Aprikossoppa, Jordgubbssoppa",FOOD
"Gulaschsoppa, Aprikossoppa, Jordgubbssoppa",FOOD
"VegSchnitzel, potatismos, remoulads√•s",FOOD
Vegobullar med potatismos och lingonsylt,FOOD
Broccolisoppa serveras m nybakat br√∂d k√∂ttp√•l√§gg,FOOD
Spaghetti Bolognaise,FOOD
"Kr√§mig tomatsoppa med pasta, nybakat br√∂d, ost",FOOD
Fiskgrat√§ng med potatis och gr√∂nsaker,FOOD
Kyckling stroganoff serveras med svenskt ris,FOOD
Fisk Benedictine potatis,FOOD
Tikka massala med sojastrimlor Couscous,FOOD
Pasta med kyckling och soltorkad tomat,FOOD
"Hamburgare med br√∂d, dressing & klyftpotatis",FOOD
Vegetariskt Tikka Masala,FOOD
Spaghetti Bolognese,FOOD
Silltallrik med √§gghalva och kokt potatis,FOOD
"Gulaschsoppa, Mjukt br√∂d med ost, Gr√∂nsaksbuff√©, h√•rt br√∂d och mj√∂lk,",FOOD
Makaronipudding med keso,FOOD
Julinspirerad kallskuret m r√∂dbetssallad,FOOD
"Vegobiff, potatisgrat√§ng",FOOD
Spaghetti med sauc√© Bolognese (n√∂tf√§rs),FOOD
Kik√§rtsl√•da med potatis,FOOD
"Ugnsbakade rotsaker ,kall s√•s, kokt potatis",FOOD
"Tomat- och ostgratinerad falukorv, potatismos och broccoli",FOOD
Pasta Carbonara med svenskt bacon serveras med gr√∂nsaksbuff√©,FOOD
Smaskig kebabgryta med gr√§ddfil,FOOD
Fiskgrat√§ng med potatis,FOOD
Panerad fisk med kall s√•s och kokt potatis,FOOD
Korv Stroganoff med ris och broccoli,FOOD
"Mellanm√•l: Ugnsbakade √§pplen, yoghurtklick, fullkornsbr√∂d, skinka",FOOD
"Vegobiff, remoulads√•s, potatis",FOOD
kockarnas val,ANY
Morotsbiffar serveras med kall s√•s och Bulgur,FOOD
"Soppa, br√∂d, p√•l√§gg och frukt",FOOD
"Falafel, klyftpotatis & vitl√∂kss√•s",FOOD
K√∂ttf√§rss√•s och spaghetti,FOOD
Pannkaka och hemkokt sylt,FOOD
"Dagens veg: Vegetarisk burgare, hamburgerbr√∂d, remoulads√•s, potatismos",FOOD
"F: Kycklingsoppa med selleri*, en klick yoghurt",FOOD
Kycklingk√∂ttbullar med tomats√•s serveras med pasta,FOOD
"Gr√∂nk√•lsbiffar, kall currys√•s, bulgur",FOOD
K√∂ttsf√§rs√•s serveras med spaghetti,FOOD
"Kycklingsoppa, br√∂d",FOOD
Kebabskavsgryta serveras med ris,FOOD
Pastagrat√§ng Taco.,FOOD
Fiskgrat√§ng och potatis,FOOD
K√∂ttbullar bruns√•s kokt potatis,FOOD
Rotfruktsgulasch serveras med potatis och gryn,FOOD
S√•s: √ñrts√•s kall,SIDE
Glass med r√•n,FOOD
Huvudr√§tt: Chili con carne med ris,FOOD
K√∂ttf√§rss√•s och pasta,FOOD
"Middag: Fl√§skpannkaka, r√•kost",FOOD
Vegetarisk cowboysoppa med mjukt br√∂d & tillbeh√∂r,FOOD
Broccolisoppa,FOOD
Inga m√•ltider serveras,NO
FRITIDS,NO
"Blodpudding, lingon",FOOD
Currydoftande kik√§rtsgryta med kokt potatis,FOOD
Kalops med kokt potatis och inlagda r√∂dbetor,FOOD
Pasta med kr√§mig tomats√•s,FOOD
Laxl√•da med √§pple och purjol√∂k samt kokt potatis,FOOD
Cowboysoppa med hembakt br√∂d,FOOD
Ugnpannkaka med sylt,FOOD
Kebabgryta med vegobitar serveras med ris och gr√∂nsaker,FOOD
Kalvsylta med kokt potatis och r√∂dbetssallad,FOOD
Makaroner och korv,FOOD
Vi reserverar oss f√∂r eventuella √§ndringar!,MESSAGE
"Fisktimbal, citrons√•s, potatismos, √§rttimbal",FOOD
"Ugnsbakad Quornfil√© med dill och senap, serveras med potatis",FOOD
P√•sklov,NO
ST√ÑNGD,NO
Vegetarisk stroganoff med ris,FOOD
"Skinktimbal med r√∂ksmak, sl√§t senaps√•s, morotstimbal och potatismos Fruktkr√§m",FOOD
"Kr√§mig ost och broccolisoppa, sm√∂rg√•s och banan",FOOD
Rotfruktsgrat√§ng med ostt√§cke,FOOD
"Fiskgrat√§ng med ostcreme och grillgurka, (potatis), gr√∂nsaker",FOOD
Majs- och kycklingsoppa med curry. Mangodrink,FOOD
K√∂ket v√§ljer,ANY
Pannbiffar med ris,FOOD
Ostkaka med sylt,FOOD
"Gr√∂nsakswok med quorn, nudlar, varm gr√∂nsak",FOOD
"Rotfruktsbiffar, dill och kaprismajon√§s, kokt potatis och varma gr√∂nsaker",FOOD
"Zucchini- och kik√§rtsgryta, servera med ris",FOOD
"Tomatsoppa med pasta - Mjukt br√∂d, f√§rskost/hummus",FOOD
Lunch 1: K√∂kets val,ANY
"K√∂ttf√§rsbiff med kokt potatis, gr√§dds√•s och gr√∂nsaker E-KOST",FOOD
Frukost:,NO
"Spenatsoppa med √§gghalva, mjukt br√∂d och gr√∂nsaker",FOOD
"Kycklingnuggets, kall beas√•s och ris",FOOD
Morotsmedaljong s√•s potatis,FOOD
"P√•sk lunch, Ugnsbakad lax, potatis serveras med kall √∂rts√•s",FOOD
"Gulaschsoppa, br√∂d och p√•l√§gg",FOOD
Biffar serveras med klyftpotatis och gr√§dds√•s,FOOD
Orientalisk linssoppa serveras med ostsm√∂rg√•s. Frukt.,FOOD
"Lasagne med keso, spenat och chili.",FOOD
Biffar med s√•s potatis och lingonsylt,FOOD
Vegonuggets med kall mangos√•s och bulgur,FOOD
Potatisbullar med lingonsylt och keso,FOOD
"LUNCH: Green nuggets serveras med raitas√•s, rostad potatis och rotfrukter",FOOD
Lasagnette p√• sojaf√§rs,FOOD
Klimatsmart tacos,FOOD
"Strandg√•rdens stekta fisk, kall √∂rts√•s och kokt potatis",FOOD
Kycklinglasagne,FOOD
Kebabkyckling med klyftpotatis och kebabs√•s,FOOD
Pasta serveras med ost och skinks√•s,FOOD
Grynkorv potatismos gr√∂nsaker,FOOD
Pasta med tomats√•s,FOOD
Gr√∂nsakspaj.,FOOD
K√∂kets val av alternativr√§tt,ANY
Spr√∂dbakad v√§sterhavsfisk serveras med kokt potatis och remoulads√•s,FOOD
Det kommer att finnas minst tv√• goda extrar√§tter en med k√∂tt och en vego,MESSAGE
K√•lpudding serveras med gr√§dds√•s och kokt potatis,FOOD
Med reservation att r√§tter kan ta slut och ers√§ttas meden annan,MESSAGE
Varje dag serveras det Dagens soppa och en h√§rlig salladsbuff√©,MESSAGE
Gr√∂nsaksgryta fr√•n La Mancha VEGETARISK,FOOD
"Ugnsstekt torskfil√© serveras med potatis, √∂rts√•s och gr√∂nsaksbuff√©",FOOD
"Fil med frukt, cornflakes el m√ºsli, sm√∂rg√•s, p√•l√§gg, gr√∂nsak",FOOD
Stekt vegokorv med makaroner,FOOD
Kr√§mig gr√∂nsakssoppa med krutonger. Serveras med br√∂d och p√•l√§gg,FOOD
Vegetarisk grat√§ng med ris,FOOD
Morotsbiffar med klyftpotatis och tzatziki,FOOD
K√∂ttf√§rss√•s/ linss√•s med pasta och gr√∂nsaksbuff√©,FOOD
"Pyttipanna, r√∂dbetor",FOOD
Husets goda lasagne,FOOD
"Falukorv, kokt potatis och stuvad blomk√•l",FOOD
Spagetti och k√∂ttf√§rs√•s,FOOD
"Varmkorv med potatismos, ketchup och senap",FOOD
Rabarberpaj med vaniljs√•s,FOOD
"Shakshuka, kokt potatis",FOOD
Dessert: √Ñpplepaj och vaniljs√•s,FOOD
Stekt fisk/ugnsstekt fisk med kokt potatis och kall s√•s,FOOD
"F√§rssoppa toppad med cr√®me fraiche, sm√∂rg√•s och banan",FOOD
Stekt sejrygg med sm√∂rs√•s,FOOD
Pytt i panna med rotfrukter och linser,FOOD
"vegetariskt 2: √Ñrtbullar med s√∂tsur morotss√•s, gulbeta och pumpafr√∂n",FOOD
"Zucchini och salladsosts√•s, spaghetti",FOOD
"Morotsbiff, tomats√•s & cous cous",FOOD
Kyckling i currys√•s serveras med bulgur,FOOD
Frukost:,NO
Lasagne med vegof√§rs,FOOD
"Panerad fisk, citron- och dillmajonn√§s, potatis",FOOD
Blomk√•lsgrat√§ng serveras med potatis,FOOD
"Skinkgryta med ros√©peppar, kokt potatis och gr√∂nsaker MAGTARMKOST",FOOD
Pasta med k√∂ttf√§rss√•s,FOOD
"Gr√∂nsaksgrat√§ng med linser serveras med potatis, √∂rts√•s och gr√∂nsaksbuff√©",FOOD
Korvgryta med kokt potatis och gr√∂nsaker,FOOD
RESERVATION F√ñR EVENTUELLA √ÑNDRINGAR,MESSAGE
Pastagrat√§ng med linser,FOOD
Spagetti med tomats√•s och linser,FOOD
Bl√•b√§rssoppa MAGTARMKOST,FOOD
Broccolisoppa med br√∂d,FOOD
Eleverna v√§ljer dagens fiskr√§tt,ANY
"Selleristick, potatismos och gurkmajonn√§s",FOOD
"Fisk med tacos√•s, serveras med potatis",FOOD
"Vegetarisk f√§rslimpa, gr√§dds√•s, potatis, lingonsylt",FOOD
"K√∂ttbullar, s√•s, potatis och lingonsylt",FOOD
Gr√∂nsaksbiff med vitl√∂kss√•s och potatis,FOOD
Potatisl√•da med quorn och chili och gr√∂nsaker VEGETARISK,FOOD
R√•kost LSS,NO
"Falafel med rostad potatis, kall s√•s",FOOD
K√∂kets fishnuggets med rostad potatis och dipp,FOOD
Friskola? Om du g√•r i en friskola g√∂r du b√§st i att prata med rektorn om appen. Denne kan g√§rna maila oss p√• info@dinskolmat.se f√∂r att f√• veta mer om hur det fungerar.,MESSAGE
Vegetarisk bullar med potatismos,FOOD
Fiskgrat√§ng med hummers√•s MAGTARMKOST,FOOD
Spaghetti och k√∂ttf√§rss√•s,FOOD
"Tomatsoppa med br√∂d och ost. Varje dag serveras salladsbuff√©, dressing, kn√§ckebr√∂d, sm√∂r och mj√∂lk",FOOD
Kyckling i currys√•s serveras med ris,FOOD
"Vegetariskt alternativ serveras varje dag samt salladsbuff√©, kn√§ckebr√∂d och mj√∂lk",FOOD
Salladsbuffe,SIDE
Kalops med kokt potatis och gr√∂nsaker,FOOD
Falafel serveras med matdurum och morot tsatziki,FOOD
Biff Stroganoff serveras med ris,FOOD
Kockens val,ANY
Makaronil√•da,FOOD
Fisk under frasigt t√§cke serveras med potatismos,FOOD
Falafelburgare med r√∂dbetsTzatsiki och rostade rotsaker,FOOD
Asiatisk vegetarisk gryta och nudlar,FOOD
Spaghetti med k√∂ttf√§rss√•s,FOOD
R√•kost/sallad,SIDE
Stekt falukorv med pasta och gr√∂nsaker,FOOD
Fiskgrat√§ng med f√§rskost och √∂rter med ris,FOOD
Vegetarisk kebabskavs√•s med ris,FOOD
Majs- och kycklingsoppa med curry. Mangodrink,FOOD
Ostgratinerade champinjoncrepes,FOOD
Ost och skinks√•s serveras med pasta,FOOD
"Varmkorv serveras med hemlagat potatismos, gurkmajonn√§s, senap och ketchup",FOOD
Stekt fl√§sktimbal med l√∂ks√•s TIMBALKOST,FOOD
Laxpudding med skirat sm√∂r,FOOD
Kyckling i currys√•s med bulgur,FOOD
G√§stabudssoppa med skinka,FOOD
Pannbiff med gr√§dds√•s och kokt potatis,FOOD
"Sojakorv i kryddig s√•s, serveras med ris",FOOD
Medelhavsgrat√§ng med aubergine och skivad potatis,FOOD
Dessert,GENERIC
Mac n¬¥ Cheese med sojakorv,FOOD
K√∂kets val,ANY
Tomatlasagne,FOOD
Makaronipudding med f√§rgglada gr√∂nsaker,FOOD
Spenatsoppa med √§gghalva serveras med hembakad br√∂d och ost,FOOD
Mellanm√•l:,NO
"Sallad, br√∂d och dryck",SIDE
Saffransdoftande fisksoppa och hembakt br√∂d,FOOD
Blodpudding,FOOD
Vad k√∂ket erbjuder,ANY
Skepparstr√∂mming med kokt potatis och gr√∂nsaker,FOOD
Tiktok pasta med fetaost och tomat,FOOD
"Kycklingshawarma (Kycklingkebab) serveras med vitl√∂kscr√©me , saltgurka, sallad och libabr√∂d",FOOD
"Kalvj√§rpstimbal med gr√§dds√•s, gr√∂n √§rttimbal och potatismos Pannkakspl√§ttar med sl√§t pannkakssylt",FOOD
Vegetarisks√•s serveras med pasta.,FOOD
"Mj√∂lk, mjukt och h√•rt br√∂d, ost, gr√∂nsaker och frukt",FOOD
Korvgryta √† la Forsell serveras med ris,FOOD
Korv stroganoff serveras med ris,FOOD
K√∂kets val/Kyl- och frysrensning,ANY
K√∂kets val av vegetarisk varmr√§tt med tillbeh√∂r,ANY
Vegobullar med vegetarisk gr√§dds√•s och kokt potatis,FOOD
"F√§rsbullstimbal med potatismos, bruns√•s och gr√∂nsaker TIMBALKOST",FOOD
Ricotta & spenatfylld cannelloni,FOOD
"Korv Stroganoff klimat, matgryn",FOOD
Kycklingl√•rfil√© med currys√•s och ris,FOOD
"Bolognese med spagetti, gr√∂nsaker och r√•kost",FOOD
Korv & K√∂ttbullar serveras med Potatisgrat√§ng,FOOD
Currygryta serveras med couscous,FOOD
Paprikakorv med bostons√•s potatis,FOOD
Vegansk rotfruktss√•s,FOOD
kyckling a la mustard serverad med potatismos,FOOD
Kr√§mig tomat och linss√•s serveras med pasta,FOOD
Korv Stroganoff med ris,FOOD
Katangagryta (Fl√§sk) serveras med ris.,FOOD
Kalvsylta med kokt potatis och r√∂dbetssallad MAGTARMKOST,FOOD
"KV√ÑLLSMAT K√∂ttbullar med bruns√•s, potatis och lingonsylt",FOOD
Pasta med kalkons√•s,FOOD
"K√∂ttbullar med potatis, bruns√•s och gr√∂nsaker MAGTARMKOST",FOOD
Pasta med s√•s verde,FOOD
"Kycklingsoppa, Bl√•b√§rssoppa, Nyponsoppa",FOOD
"Lunch 2: Kycklinggryta med fransk senap och gr√∂npeppar, pasta",FOOD
"Chilisoppa, mjukt br√∂d, p√•l√§gg",FOOD
R√§kcr√™pes med dills√•s,FOOD
"Vego Fajitas med bbq-s√•s och vitl√∂kss√•s, libabr√∂d, rostad klyftpotatis",FOOD
"Falafel med kokt potatis, bruns√•s och gr√∂nsaker VEGETARISK",FOOD
Daal - Indisk gryta med bulgur,FOOD
Fiskgrat√§ng med eko potatis,FOOD
Linssoppa med rotfrukter,FOOD
"Bostonfalu, hemlagad potatismos, gr√∂nsaker",FOOD
Pastagrat√§ng med r√∂kt kalkon,FOOD
Risgrynsgr√∂t,FOOD
Dagens middag: Pytt i panna och gr√§dds√•s,FOOD
"Fiskf√§rsbiff med kall dills√•s, potatis och gr√∂nsaker",FOOD
Kycklingkorvstroganoff,FOOD
"Morotsbollar med potatismos, gr√§dds√•s och lingon",FOOD
Italiensk tomats√•s,FOOD
"√Ñ-kost: Liten silltallrik med kokt potatis, √§gghalva, gubbr√∂ra och gr√∂nsaker",FOOD
Studiedag grundskola,NO
Fiskpanett med kall s√•s och kokt potatis,FOOD
Vegetariskt alternativ,GENERIC
Kyckling Alfreds√•s serveras med potatismos,FOOD
Blodpudding och potatisbullar med lingonsylt,FOOD
"Gr√∂n√§rtsbiffar med aioli, potatis och mor√∂tter",FOOD
L√∂ks√•s,FOOD
Fish ‚Äôn chips med mushy peas,FOOD
K√∂ttgryta med enb√§r,FOOD
Hedvigsoppa med sojaf√§rs serveras med hembakat br√∂d üåçüåçüåç,FOOD
G√§stens val,ANY
Rotfruktslasagne,FOOD
Gr√∂nsaksgrat√§ng med kokt potatis,FOOD
Chokladkaka TIMBALKOST,FOOD
K√∂ttf√§rss√•s med spagetti,FOOD
Stekt ris med gr√∂nsaker,FOOD
"Morotsbiff med kokt potatis, kall dills√•s och gr√∂nsaker VEGETARISK",FOOD
Bakad potatis med skinkr√∂ra,FOOD
Quornfil√© med kokt potatis och r√∂dbetssallad VEGETARISK,FOOD
Kik√§rtsgryta med kokosmj√∂lk och bulgur,FOOD
Dillk√∂tt serveras med kokt potatis,FOOD
"Tortillas med k√∂ttf√§rsr√∂ra, tacos√•s/vitl√∂kss√•s, riven ost och gr√∂nsaker",FOOD
S√∂tsur gryta p√• fl√§skk√∂tt serveras med ris,FOOD
Kockens val,GENERIC
"Gr√∂nsaksbiff med Karl-Alfred-s√•s, serveras med potatis",FOOD
"Fiskpanetter med potatismos, kall remoulads√•s och gr√∂nsaker TIMBALKOST",FOOD
"Gr√∂nsaksnuggets serveras med stuvad spenat, potatis.",FOOD
Champinjonomelett,FOOD
Stekt fisk med kall s√•s och kokt potatis,FOOD
Pasta med kr√§mig skinks√•s,FOOD
"Ugnsbakad lax med dillhollandaises√•s, potatis och citron",FOOD
Pasta med ost och broccolis√•s samt riven ost,FOOD
Cous couspytt med morotsbullar och kall dressing,FOOD
Risgrynsgr√∂t,FOOD
"Texmexbiff, tomatsalsa med sting, ris",FOOD
Fetaostfyllda rotfruktsbiffar med kokt potatis,FOOD
Pasta med vegetarisk s√•s,FOOD
B√∂ngryta med purjol√∂k och bulgur,FOOD
"Rotfruktsbiff, citrons√•s (kall), potatis, √§rter. After eight p√§ron, gr√§dde",FOOD
"Pastasallad med ost och kidneyb√∂nor, dressing",FOOD
Fiskgrat√§ng med curryremoulad och kokt potatis.,FOOD
"Ugnstekt lax med roms√•s, kokt potatis och gr√∂nsaker",FOOD
"Aprikoskr√§m m √§pple,ananas o russin",FOOD
"Pastagrat√§ng med salladsost, paprika och basilika",FOOD
K√∂ket v√§ljer,ANY
Blodpudding lingonsylt,FOOD
K√∂kets val av varmr√§tt med tillbeh√∂r,ANY
"Kycklingsoppa med morot, selleri och basilika Svartvinb√§rsshake",FOOD
Pasta serveras med Carbonaras√•s,FOOD
Kr√§mig laxs√•s serveras med pasta,FOOD
"F√§rsbiffar med tzatziki, havreris",FOOD
Morotslasagnette,FOOD
Lunch 2: K√∂kets val,ANY
Potatisbullar,FOOD
K√∂ttbullar med bruns√•s & potatismos,FOOD
K√∂kets val,ANY
Vegetarisk kebab serveras med havreris och kall s√•s,FOOD
"Kalkonschnitzel med s√•s, potatis samt haricotsverts",FOOD
Tortellini med tomats√•s,FOOD
"Korv Stroganoff, idealmakaroner och gr√∂nsaker",FOOD
Quorngryta med kokos och bulgur,FOOD
Tacograt√§ng med ris,FOOD
Wienerf√§rslimpa av kalvf√§rs med gr√§dds√•s (och kokt potatis),FOOD
